{
  "bind_shape_matrix": [
    9.335559844970703,
    0.0,
    0.0,
    0.0,
    0.0,
    0.0,
    -8.115310668945312,
    0.0,
    0.0,
    8.389923095703125,
    0.0,
    0.0,
    -2.9309191703796387,
    144.4635772705078,
    -25.87116241455078,
    1.0
  ],
  "inverse_bind_matrix": [
    [
      0.08252199739217758,
      0.0,
      0.008186999708414078,
      0.0,
      -0.011598000302910805,
      0.0,
      0.05825100094079971,
      0.0,
      0.0,
      -0.0625,
      0.0,
      0.0,
      1.2968239784240723,
      -0.0,
      -6.090789794921875,
      1.0
    ],
    [
      0.14285700023174286,
      -0.0,
      -0.0,
      0.0,
      -0.0,
      0.0,
      0.20000000298023224,
      0.0,
      0.0,
      -0.07142899930477142,
      0.0,
      0.0,
      0.23278599977493286,
      -0.607142984867096,
      -30.827199935913086,
      1.0
    ],
    [
      0.009999999776482582,
      0.0,
      0.0,
      0.0,
      -0.0,
      -0.007071000058203936,
      0.007071000058203936,
      0.0,
      0.0,
      -0.007071000058203936,
      -0.007071000058203936,
      0.0,
      0.036295000463724136,
      0.9595040082931519,
      -1.1920299530029297,
      1.0
    ],
    [
      0.20000000298023224,
      0.0,
      0.0,
      0.0,
      -0.0,
      -0.04506099969148636,
      0.1285579949617386,
      0.0,
      0.0,
      -0.037810999900102615,
      -0.15320900082588196,
      0.0,
      0.7258999943733215,
      5.535709857940674,
      -22.485700607299805,
      1.0
    ]
  ],
  "joint_names": [
    "PELVIS",
    "L_CLAVICLE",
    "mShoulderLeft",
    "L_UPPER_ARM"
  ]
}