{
  "bind_shape_matrix": [
    0.026996999979019165,
    0.0,
    0.0,
    0.0,
    0.0,
    0.01618199795484543,
    0.0,
    0.0,
    0.0,
    0.0,
    0.016829967498779297,
    0.0,
    0.11976650357246399,
    -0.11767299473285675,
    1.4562549591064453,
    1.0
  ],
  "inverse_bind_matrix": [
    [
      11.111100196838379,
      0.0,
      0.0,
      0.0,
      0.0,
      7.692309856414795,
      0.0,
      0.0,
      8.623350034042687e-09,
      0.0,
      6.666669845581055,
      0.0,
      0.170755997300148,
      0.0,
      -9.15310001373291,
      1.0
    ],
    [
      1.0,
      0.0,
      0.0,
      0.0,
      0.0,
      1.0,
      0.0,
      0.0,
      0.0,
      0.0,
      1.0,
      0.0,
      0.014999999664723873,
      0.0,
      -1.3563799858093262,
      1.0
    ],
    [
      1.0,
      0.0,
      0.0,
      0.0,
      0.0,
      1.0,
      0.0,
      0.0,
      0.0,
      0.0,
      1.0,
      0.0,
      0.0,
      0.0,
      -1.151379942893982,
      1.0
    ],
    [
      1.0,
      0.0,
      0.0,
      0.0,
      0.0,
      1.0,
      0.0,
      0.0,
      0.0,
      0.0,
      1.0,
      0.0,
      0.014999999664723873,
      0.0,
      -1.3563799858093262,
      1.0
    ],
    [
      1.0,
      0.0,
      0.0,
      0.0,
      0.0,
      1.0,
      0.0,
      0.0,
      0.0,
      0.0,
      1.0,
      0.0,
      0.0,
      0.0,
      -1.151379942893982,
      1.0
    ],
    [
      1.0,
      0.0,
      0.0,
      0.0,
      0.0,
      1.0,
      0.0,
      0.0,
      0.0,
      0.0,
      1.0,
      0.0,
      0.0,
      0.0,
      -1.0673799514770508,
      1.0
    ],
    [
      1.0,
      0.0,
      0.0,
      0.0,
      0.0,
      1.0,
      0.0,
      0.0,
      0.0,
      0.0,
      1.0,
      0.0,
      0.0,
      0.0,
      -1.151379942893982,
      1.0
    ],
    [
      1.0,
      0.0,
      0.0,
      0.0,
      0.0,
      1.0,
      0.0,
      0.0,
      0.0,
      0.0,
      1.0,
      0.0,
      0.0,
      0.0,
      -1.067020058631897,
      1.0
    ],
    [
      8.252229690551758,
      0.0,
      0.8186650276184082,
      0.0,
      0.0,
      6.25,
      0.0,
      0.0,
      -1.1597800254821777,
      0.0,
      5.825109958648682,
      0.0,
      1.2968300580978394,
      0.0,
      -6.090789794921875,
      1.0
    ],
    [
      11.111100196838379,
      0.0,
      0.0,
      0.0,
      0.0,
      7.692309856414795,
      0.0,
      0.0,
      0.0,
      0.0,
      6.666669845581055,
      0.0,
      0.0,
      0.0,
      -7.827250003814697,
      1.0
    ],
    [
      14.285699844360352,
      0.0,
      0.0,
      0.0,
      0.0,
      7.142859935760498,
      0.0,
      0.0,
      0.0,
      0.0,
      20.0,
      0.0,
      0.23278599977493286,
      -0.607142984867096,
      -30.827199935913086,
      1.0
    ],
    [
      1.0,
      0.0,
      0.0,
      0.0,
      0.0,
      1.0,
      0.0,
      0.0,
      0.0,
      0.0,
      1.0,
      0.0,
      0.035999998450279236,
      -0.08500000089406967,
      -1.5213799476623535,
      1.0
    ],
    [
      8.952799797058105,
      0.0,
      -0.868241012096405,
      0.0,
      0.0,
      6.666669845581055,
      0.0,
      0.0,
      1.5786199569702148,
      0.0,
      4.924039840698242,
      0.0,
      -2.364150047302246,
      0.0,
      -7.010540008544922,
      1.0
    ],
    [
      11.003000259399414,
      0.0,
      0.9278209805488586,
      0.0,
      0.0,
      7.692309856414795,
      0.0,
      0.0,
      -1.546370029449463,
      0.0,
      6.601789951324463,
      0.0,
      1.5337799787521362,
      0.0,
      -7.889289855957031,
      1.0
    ],
    [
      19.944000244140625,
      -1.1622399709310116e-09,
      1.496090054512024,
      0.0,
      0.0,
      20.0,
      0.0,
      0.0,
      -1.496090054512024,
      -9.330690176057033e-08,
      19.944000244140625,
      0.0,
      0.024653900414705276,
      1.6399999856948853,
      -28.035999298095703,
      1.0
    ],
    [
      14.285699844360352,
      0.0,
      0.0,
      0.0,
      0.0,
      7.142859935760498,
      0.0,
      0.0,
      0.0,
      0.0,
      20.0,
      0.0,
      0.23278599977493286,
      0.607142984867096,
      -30.827199935913086,
      1.0
    ],
    [
      1.0,
      0.0,
      0.0,
      0.0,
      0.0,
      1.0,
      0.0,
      0.0,
      0.0,
      0.0,
      1.0,
      0.0,
      0.035999998450279236,
      0.08500000089406967,
      -1.5213799476623535,
      1.0
    ],
    [
      19.944000244140625,
      1.1622399709310116e-09,
      1.496090054512024,
      0.0,
      0.0,
      20.0,
      0.0,
      0.0,
      -1.496090054512024,
      9.330690176057033e-08,
      19.944000244140625,
      0.0,
      0.024653900414705276,
      -1.6399999856948853,
      -28.035999298095703,
      1.0
    ],
    [
      1.0,
      0.0,
      0.0,
      0.0,
      2.6341799852502845e-09,
      0.7071070075035095,
      -0.7071070075035095,
      0.0,
      2.6341799852502845e-09,
      0.7071070075035095,
      0.7071070075035095,
      0.0,
      0.036295000463724136,
      -0.9595040082931519,
      -1.1920299530029297,
      1.0
    ],
    [
      20.0,
      0.0,
      0.0,
      0.0,
      0.0,
      16.66670036315918,
      0.0,
      0.0,
      0.0,
      0.0,
      12.5,
      0.0,
      0.4975000023841858,
      0.0,
      -20.33839988708496,
      1.0
    ],
    [
      1.0,
      0.0,
      0.0,
      0.0,
      0.0,
      1.0,
      0.0,
      0.0,
      0.0,
      0.0,
      1.0,
      0.0,
      0.02487500011920929,
      0.0,
      -1.607069969177246,
      1.0
    ],
    [
      1.0,
      0.0,
      0.0,
      0.0,
      -2.6341799852502845e-09,
      0.7071070075035095,
      0.7071070075035095,
      0.0,
      2.6341799852502845e-09,
      -0.7071070075035095,
      0.7071070075035095,
      0.0,
      0.036295000463724136,
      0.9595040082931519,
      -1.1920299530029297,
      1.0
    ],
    [
      20.0,
      0.0,
      0.0,
      0.0,
      0.0,
      3.781100034713745,
      -15.320899963378906,
      0.0,
      0.0,
      4.506140232086182,
      12.855799674987793,
      0.0,
      0.7258999943733215,
      -5.535719871520996,
      -22.485700607299805,
      1.0
    ],
    [
      10.0,
      0.0,
      0.0,
      0.0,
      0.0,
      10.0,
      0.0,
      0.0,
      0.0,
      0.0,
      10.0,
      0.0,
      0.6000000238418579,
      0.0,
      -9.670149803161621,
      1.0
    ]
  ],
  "joint_names": [
    "UPPER_BACK",
    "mChest",
    "mSpine4",
    "mSpine3",
    "mTorso",
    "mSpine2",
    "mSpine1",
    "mPelvis",
    "PELVIS",
    "LOWER_BACK",
    "L_CLAVICLE",
    "mCollarLeft",
    "CHEST",
    "BELLY",
    "RIGHT_PEC",
    "R_CLAVICLE",
    "mCollarRight",
    "LEFT_PEC",
    "mShoulderRight",
    "NECK",
    "mNeck",
    "mShoulderLeft",
    "R_UPPER_ARM",
    "BUTT"
  ]
}