{
  "bind_shape_matrix": [
    0.31775200366973877,
    0.0,
    0.0,
    0.0,
    0.0,
    1.1462279558181763,
    0.0,
    0.0,
    0.0,
    0.0,
    0.6536389589309692,
    0.0,
    -0.0307140052318573,
    -9.000301361083984e-05,
    1.2586605548858643,
    1.0
  ],
  "inverse_bind_matrix": [
    [
      8.952799797058105,
      0.0,
      -0.868241012096405,
      0.0,
      0.0,
      6.666669845581055,
      0.0,
      0.0,
      1.5786199569702148,
      0.0,
      4.924039840698242,
      0.0,
      -2.364150047302246,
      0.0,
      -7.010540008544922,
      1.0
    ],
    [
      1.0,
      0.0,
      0.0,
      0.0,
      0.0,
      1.0,
      0.0,
      0.0,
      0.0,
      0.0,
      1.0,
      0.0,
      0.01536799967288971,
      0.0,
      -1.355970025062561,
      1.0
    ],
    [
      1.0,
      0.0,
      0.0,
      0.0,
      0.0,
      1.0,
      0.0,
      0.0,
      0.0,
      0.0,
      1.0,
      0.0,
      0.0,
      0.0,
      -1.1510900259017944,
      1.0
    ],
    [
      1.0,
      0.0,
      0.0,
      0.0,
      0.0,
      1.0,
      0.0,
      0.0,
      0.0,
      0.0,
      1.0,
      0.0,
      0.01536799967288971,
      0.0,
      -1.355970025062561,
      1.0
    ],
    [
      1.0,
      0.0,
      0.0,
      0.0,
      0.0,
      1.0,
      0.0,
      0.0,
      0.0,
      0.0,
      1.0,
      0.0,
      0.0,
      0.0,
      -1.1510900259017944,
      1.0
    ],
    [
      1.0,
      0.0,
      0.0,
      0.0,
      0.0,
      1.0,
      0.0,
      0.0,
      0.0,
      0.0,
      1.0,
      0.0,
      0.0,
      0.0,
      -1.067020058631897,
      1.0
    ],
    [
      1.0,
      0.0,
      0.0,
      0.0,
      0.0,
      1.0,
      0.0,
      0.0,
      0.0,
      0.0,
      1.0,
      0.0,
      0.0,
      0.0,
      -1.1510900259017944,
      1.0
    ],
    [
      1.0,
      0.0,
      0.0,
      0.0,
      0.0,
      1.0,
      0.0,
      0.0,
      0.0,
      0.0,
      1.0,
      0.0,
      0.0,
      0.0,
      -1.067020058631897,
      1.0
    ],
    [
      1.0,
      0.0,
      0.0,
      0.0,
      1.3170899926251423e-09,
      0.7071070075035095,
      -0.7071070075035095,
      0.0,
      -1.3170899926251423e-09,
      0.7071070075035095,
      0.7071070075035095,
      0.0,
      0.036295000463724136,
      -0.9595029950141907,
      -1.1920299530029297,
      1.0
    ],
    [
      1.0,
      0.0,
      0.0,
      0.0,
      0.0,
      1.0,
      0.0,
      0.0,
      0.0,
      0.0,
      1.0,
      0.0,
      0.036295000463724136,
      0.08500000089406967,
      -1.5213700532913208,
      1.0
    ],
    [
      20.0,
      0.0,
      0.0,
      0.0,
      0.0,
      3.781100034713745,
      -15.320899963378906,
      0.0,
      0.0,
      4.506140232086182,
      12.855799674987793,
      0.0,
      0.7258999943733215,
      -5.535719871520996,
      -22.485700607299805,
      1.0
    ],
    [
      14.285699844360352,
      0.0,
      0.0,
      0.0,
      0.0,
      7.142859935760498,
      0.0,
      0.0,
      0.0,
      0.0,
      20.0,
      0.0,
      0.23278599977493286,
      0.607142984867096,
      -30.827199935913086,
      1.0
    ],
    [
      24.999900817871094,
      -0.013957000337541103,
      0.023298999294638634,
      0.0,
      0.05000099912285805,
      4.7795000076293945,
      -18.57859992980957,
      0.0,
      0.02071099914610386,
      5.308169841766357,
      16.728300094604492,
      0.0,
      0.8964849710464478,
      -4.808000087738037,
      -28.958900451660156,
      1.0
    ],
    [
      0.9999979734420776,
      -0.0020000000949949026,
      0.0008280000183731318,
      0.0,
      0.0020000000949949026,
      0.7071059942245483,
      -0.7071049809455872,
      0.0,
      0.0008280000183731318,
      0.7071049809455872,
      0.7071080207824707,
      0.0,
      0.03585899993777275,
      -0.7115740180015564,
      -1.1920000314712524,
      1.0
    ],
    [
      19.689199447631836,
      -2.1916699409484863,
      0.3339489996433258,
      0.0,
      2.495150089263916,
      8.225680351257324,
      -24.752099990844727,
      0.0,
      2.4720699787139893,
      9.153400421142578,
      22.323400497436523,
      0.0,
      -1.0763399600982666,
      -6.448639869689941,
      -38.88679885864258,
      1.0
    ],
    [
      0.9999979734420776,
      -0.0019996101036667824,
      0.0008282660273835063,
      0.0,
      0.0019996101036667824,
      0.7071049809455872,
      -0.7071059942245483,
      0.0,
      0.0008282660273835063,
      0.7071059942245483,
      0.7071070075035095,
      0.0,
      0.035858601331710815,
      -0.5065770149230957,
      -1.1920000314712524,
      1.0
    ],
    [
      0.9163669943809509,
      0.07201500236988068,
      0.3938080072402954,
      0.0,
      0.11881200224161148,
      0.8904479742050171,
      -0.439301997423172,
      0.0,
      -0.3823019862174988,
      0.4493510127067566,
      0.8074210286140442,
      0.0,
      0.5131679773330688,
      -0.09074199944734573,
      -1.1683100461959839,
      1.0
    ],
    [
      11.111100196838379,
      0.0,
      0.0,
      0.0,
      0.0,
      7.692309856414795,
      0.0,
      0.0,
      8.623350034042687e-09,
      0.0,
      6.666669845581055,
      0.0,
      0.170755997300148,
      0.0,
      -9.15310001373291,
      1.0
    ],
    [
      20.0,
      0.0,
      0.0,
      0.0,
      0.0,
      16.66670036315918,
      0.0,
      0.0,
      0.0,
      0.0,
      12.5,
      0.0,
      0.4975000023841858,
      0.0,
      -20.33839988708496,
      1.0
    ],
    [
      1.0,
      0.0,
      0.0,
      0.0,
      0.0,
      1.0,
      0.0,
      0.0,
      0.0,
      0.0,
      1.0,
      0.0,
      0.02487500011920929,
      0.0,
      -1.607069969177246,
      1.0
    ],
    [
      14.285699844360352,
      0.0,
      0.0,
      0.0,
      0.0,
      7.142859935760498,
      0.0,
      0.0,
      0.0,
      0.0,
      20.0,
      0.0,
      0.23278599977493286,
      -0.607142984867096,
      -30.827199935913086,
      1.0
    ],
    [
      1.0,
      0.0,
      0.0,
      0.0,
      0.0,
      1.0,
      0.0,
      0.0,
      0.0,
      0.0,
      1.0,
      0.0,
      0.036295000463724136,
      -0.08466500043869019,
      -1.5213700532913208,
      1.0
    ],
    [
      0.9283679723739624,
      0.020152000710368156,
      0.3711149990558624,
      0.0,
      0.16620400547981262,
      0.8706110119819641,
      -0.46304601430892944,
      0.0,
      -0.3324280083179474,
      0.4915579855442047,
      0.8048989772796631,
      0.0,
      0.45058101415634155,
      -0.11498899757862091,
      -1.1762100458145142,
      1.0
    ],
    [
      0.8221960067749023,
      -0.37764498591423035,
      -0.42588499188423157,
      0.0,
      0.11812400072813034,
      0.8451259732246399,
      -0.521353006362915,
      0.0,
      0.5568130016326904,
      0.3783470094203949,
      0.739467978477478,
      0.0,
      -0.5196769833564758,
      0.007901029661297798,
      -1.1486300230026245,
      1.0
    ],
    [
      0.9319720268249512,
      0.2482919991016388,
      0.2641589939594269,
      0.0,
      -0.023382000625133514,
      0.7683039903640747,
      -0.6396579742431641,
      0.0,
      -0.3617759943008423,
      0.5899670124053955,
      0.7218430042266846,
      0.0,
      0.40103599429130554,
      -0.24371300637722015,
      -1.1804300546646118,
      1.0
    ],
    [
      0.965412974357605,
      -0.157710000872612,
      -0.20761899650096893,
      0.0,
      -0.015567000024020672,
      0.7600250244140625,
      -0.649707019329071,
      0.0,
      0.26026099920272827,
      0.6304669976234436,
      0.7312830090522766,
      0.0,
      -0.26629799604415894,
      -0.2996380031108856,
      -1.2001399993896484,
      1.0
    ],
    [
      0.9987319707870483,
      -0.049830999225378036,
      -0.007089999970048666,
      0.0,
      0.03013399988412857,
      0.7047989964485168,
      -0.708765983581543,
      0.0,
