{
  "bind_shape_matrix": [
    10.596994400024414,
    0.0,
    0.0,
    0.0,
    0.0,
    0.0,
    -14.813617706298828,
    0.0,
    0.0,
    14.07470703125,
    0.0,
    0.0,
    -2.688196897506714,
    144.15304565429688,
    -24.855146408081055,
    1.0
  ],
  "inverse_bind_matrix": [
    [
      0.08252199739217758,
      0.0,
      0.008186999708414078,
      0.0,
      -0.011598000302910805,
      0.0,
      0.05825100094079971,
      0.0,
      0.0,
      -0.0625,
      0.0,
      0.0,
      1.2968239784240723,
      -0.0,
      -6.090789794921875,
      1.0
    ],
    [
      0.08952800184488297,
      -0.0,
      -0.008682000450789928,
      0.0,
      0.015785999596118927,
      0.0,
      0.049240000545978546,
      0.0,
      -0.0,
      -0.06666699796915054,
      0.0,
      0.0,
      -2.364150047302246,
      -0.0,
      -7.010540008544922,
      1.0
    ],
    [
      0.14285700023174286,
      -0.0,
      -0.0,
      0.0,
      -0.0,
      0.0,
      0.20000000298023224,
      0.0,
      0.0,
      -0.07142899930477142,
      0.0,
      0.0,
      0.23278599977493286,
      -0.607142984867096,
      -30.827199935913086,
      1.0
    ],
    [
      0.009999999776482582,
      0.0,
      0.0,
      0.0,
      -0.0,
      -0.007071000058203936,
      0.007071000058203936,
      0.0,
      0.0,
      -0.007071000058203936,
      -0.007071000058203936,
      0.0,
      0.036295000463724136,
      0.9595040082931519,
      -1.1920299530029297,
      1.0
    ],
    [
      0.20000000298023224,
      0.0,
      0.0,
      0.0,
      -0.0,
      -0.04506099969148636,
      0.1285579949617386,
      0.0,
      0.0,
      -0.037810999900102615,
      -0.15320900082588196,
      0.0,
      0.7258999943733215,
      5.535709857940674,
      -22.485700607299805,
      1.0
    ],
    [
      0.14285700023174286,
      -0.0,
      -0.0,
      0.0,
      -0.0,
      0.0,
      0.20000000298023224,
      0.0,
      0.0,
      -0.07142899930477142,
      0.0,
      0.0,
      0.23278599977493286,
      0.607142984867096,
      -30.827199935913086,
      1.0
    ]
  ],
  "joint_names": [
    "PELVIS",
    "CHEST",
    "L_CLAVICLE",
    "mShoulderLeft",
    "L_UPPER_ARM",
    "R_CLAVICLE"
  ]
}